fromDataset;imageDiff
AP.meta;024CC 
AP.meta;232CV 
metadata;024CC
metadata;232CV
metadata;701iCV
metadata;702iCV
metadata;703iCV
metadata;704iCC
metadata;705iCC
metadata;706iCV
metadata;707iCC
metadata;708iCV
metadata;708iCC
metadata;709iCC
metadata;710iCV
metadata;711iCV
metadata;712iCC
metadata;713iCV
metadata;714iCC
metadata;715iCV
metadata;716iCV
metadata;717iCV
metadata;1020CC
metadata;1020CV
metadata;1021CV
metadata;1022CV
metadata;1023CV
metadata;1024CC
metadata;1024CV
metadata;1025CV
metadata;1026CV
metadata;1027CV
metadata;837CV
metadata;838CV
metadata;839CV
metadata;840CV
metadata;841CV
metadata;842CV
metadata;530CV
metadata;532CC
metadata;533CC
metadata;534CV
metadata;535CV
metadata;536CV
metadata;537CV
metadata;538CC
metadata;539CV
metadata;540CC
metadata;540CV
metadata;541CV
metadata;542CV
metadata;543CC
metadata;544CV
metadata;545CV
metadata;546CC
metadata;547CV
metadata;548CV
metadata;549CV
metadata;550CV
metadata;551CC
metadata;552CV
metadata;553CV
metadata;554CV
metadata;555CV
metadata;556CV
metadata;557CC
metadata;558CC
metadata;559CC
metadata;560CV
metadata;561CV
metadata;562CC
metadata;563CV
metadata;564CV
metadata;565CV
metadata;566CC
metadata;567CV
metadata;568CV
metadata;568CC
metadata;569CC
metadata;570CC
metadata;571CV
metadata;572CC
metadata;573CC
metadata;574CC
metadata;574CV
metadata;575CV
metadata;576CC
metadata;577CV
metadata;577CC
metadata;578CC
metadata;038iCV
metadata;039iCV
metadata;040iCV
metadata;041iCV
metadata;042iCV
metadata;043iCC
metadata;044iCC
metadata;045iCV
metadata;046iCV
metadata;047iCV
metadata;048iCC
metadata;048iCV
metadata;049iCV
metadata;050iCV
metadata;051iCV
metadata;052iCC
metadata;053iCV
metadata;053iCC
metadata;054iCV
metadata;055iCV
metadata;055iCC
metadata;056iCV
metadata;656iCV
metadata;657iCV
metadata;658iCV
metadata;659iCV
metadata;660iCV
metadata;661iCV
metadata;662iCV
metadata;662iCC
metadata;663iCV
metadata;664iCC
metadata;665iCC
metadata;666iCV
metadata;666iCC
metadata;057iCV
metadata;058iCV
metadata;059iCV
metadata;059iCC
metadata;002CV
metadata;003CC
metadata;004CV
metadata;005CC